[
  {
    "server_id": 1,
    "hostname": "Prod-Physique-01",
    "ip_addresses": ["192.168.1.10", "192.168.1.55"],
    "os_type": "Linux",
    "server_nature": ["Serveur de base de données", "Serveur de fichiers"],
    "nature_detail": "Postgres, FTP",
    "environnement": "Production",
    "created_at": "2023-01-15T08:30:00Z",
    "updated_at": "2023-01-15T08:30:00Z",
    "created_by": "Admin",
    "updated_by": "johndoe"
  },
  {
    "server_id": 2,
    "hostname": "PreProd-Virtuel-01",
    "ip_addresses": ["192.168.1.11"],
    "os_type": "Windows",
    "server_nature": ["Serveur Web"],
    "nature_detail": "Spring Boot 3",
    "environnement": "Préproduction",
    "created_at": "2023-02-20T09:00:00Z",
    "updated_at": "2023-03-20T12:06:00Z",
    "created_by": "Admin",
    "updated_by": "Admin"
  },
  {
    "server_id": 3,
    "hostname": "Intégration-Physique-01",
    "ip_addresses": ["192.168.1.12"],
    "os_type": "AIX",
    "server_nature": ["Serveur de messagerie"],
    "nature_detail": "SMTP",
    "environnement": "Intégration",
    "created_at": "2023-03-05T11:45:00Z",
    "updated_at": "2023-03-05T13:13:00Z",
    "created_by": "Admin",
    "updated_by": "janedoe"
  },
  {
    "server_id": 4,
    "hostname": "Dev-Virtuel-01",
    "ip_addresses": ["192.168.1.13"],
    "os_type": "Linux",
    "server_nature": ["Serveur de virtualisation", "Serveur de sauvegarde"],
    "nature_detail": "Hyper-V",
    "environnement": "Développement",
    "created_at": "2023-04-10T14:20:00Z",
    "updated_at": "2023-04-10T14:21:55Z",
    "created_by": "Admin",
    "updated_by": "Admin"
  },
  {
    "server_id": 5,
    "hostname": "Prod-Physique-02",
    "ip_addresses": ["192.168.1.14", "192.168.1.23"],
    "os_type": "Linux",
    "server_nature": ["Serveur de surveillance"],
    "nature_detail": "Dynatrace",
    "environnement": "Production",
    "created_at": "2023-05-25T16:10:00Z",
    "updated_at": "2023-11-01T12:00:00Z",
    "created_by": "Admin",
    "updated_by": "marksmith"
  },
  {
    "server_id": 6,
    "hostname": "Inte-Auth-01",
    "ip_addresses": ["192.168.1.243"],
    "os_type": "Linux",
    "server_nature": ["Serveur d'authentification", "Serveur proxy"],
    "nature_detail": "Keycloak, Spring Proxy 3",
    "environnement": "Intégration",
    "created_at": "2023-04-10T14:20:00Z",
    "updated_at": "2023-04-10T14:20:00Z",
    "created_by": "Admin",
    "updated_by": "Admin"
  }
]
