[
  {
    "solution_id": 1,
    "solution_name": "Gestion des utilisateurs",
    "solution_popularity": "Agence",
    "solution_type": "InHouse",
    "solution_role": "Gestion des comptes utilisateurs et des permissions",
    "functional_admin": "Alice Dupont",
    "technical_admin": "Marc Lefevre",
    "tam": "Équipe IT",
    "pci": "P1",
    "created_at": "2023-01-15T08:30:00Z",
    "updated_at": "2023-10-01T10:00:00Z",
    "created_by": "admin",
    "updated_by": "admin"
  },
  {
    "solution_id": 2,
    "solution_name": "Système de facturation",
    "solution_popularity": "Siège",
    "solution_type": "Progiciel",
    "solution_role": "Génération et gestion des factures",
    "functional_admin": "Jean Martin",
    "technical_admin": "Sophie Bernard",
    "tam": "Finance",
    "pci": "P1",
    "created_at": "2023-02-20T09:00:00Z",
    "updated_at": null,
    "created_by": "admin",
    "updated_by": null
  },
  {
    "solution_id": 3,
    "solution_name": "Application mobile de paiement",
    "solution_popularity": "Client Entreprise",
    "solution_type": "Progiciel microservice",
    "solution_role": "Facilitation des paiements en ligne",
    "functional_admin": "Laura Petit",
    "technical_admin": "François Dupuis",
    "tam": "Mobile Development Team",
    "pci": "P1",
    "created_at": "2023-03-05T11:45:00Z",
    "updated_at": "2023-09-15T15:30:00Z",
    "created_by": "admin",
    "updated_by": "laura.petit"
  },
  {
    "solution_id": 4,
    "solution_name": "Plateforme d'analyse de données",
    "solution_popularity": "Agence et Siège",
    "solution_type": "InHouse",
    "solution_role": "Analyse et rapport des données de vente",
    "functional_admin": "Gérard Roy",
    "technical_admin": "Clara Simon",
    "tam": "Data Science Team",
    "pci": "P3",
    "created_at": "2023-04-10T14:20:00Z",
    "updated_at": null,
    "created_by": "admin",
    "updated_by": null
  },
  {
    "solution_id": 5,
    "solution_name": "Système de gestion de projet",
    "solution_popularity": "Client Entreprise;Siège;Agence",
    "solution_type": "Progiciel",
    "solution_role": "Suivi et gestion des projets",
    "functional_admin": "Hélène Lemaire",
    "technical_admin": "Olivier Garcia",
    "tam": "Project Management Team",
    "pci": "P4",
    "created_at": "2023-05-25T16:10:00Z",
    "updated_at": "2023-11-01T12:00:00Z",
    "created_by": "admin",
    "updated_by": "olivier.garcia"
  }
]
