[
  {
    "name": "Catalogue, Tarification et Facturation",
    "budget": 25500,
    "consumption": 30000,
    "etat": "orange",
    "statistic": {
      "apps": 6,
      "servers": 23,
      "interval": 8
    }
  },
  {
    "name": "Banque En Ligne & Frontaux, Enablers & Vitrines Digitales",
    "budget": 50000,
    "consumption": 60000,
    "etat": "red",
    "statistic": {
      "apps": 6,
      "servers": 23,
      "interval": 8
    }
  },
  {
    "name": "Data",
    "budget": 35000,
    "consumption": 25000,
    "etat": "green",
    "statistic": {
      "apps": 6,
      "servers": 23,
      "interval": 8
    }
  },
  {
    "name": "Distribution, facturation et paiement",
    "budget": 45000,
    "consumption": 70000,
    "etat": "orange",
    "statistic": {
      "apps": 6,
      "servers": 23,
      "interval": 8
    }
  },
  {
    "name": "Poste de Travail, Connaissance Client & ECM",
    "budget": 30000,
    "consumption": 25000,
    "etat": "red",
    "statistic": {
      "apps": 6,
      "servers": 23,
      "interval": 8
    }
  },
  {
    "name": "Canal Agence & Modern Workplace",
    "budget": 20000,
    "consumption": 17500,
    "etat": "red",
    "statistic": {
      "apps": 6,
      "servers": 23,
      "interval": 8
    }
  },
  {
    "name": "Distribution, facturation et paiement",
    "budget": 45000,
    "consumption": 70000,
    "etat": "red",
    "statistic": {
      "apps": 6,
      "servers": 23,
      "interval": 8
    }
  },
  {
    "name": "Pilotage et Coaching Transverse",
    "budget": 45000,
    "consumption": 70000,
    "etat": "green",
    "statistic": {
      "apps": 6,
      "servers": 23,
      "interval": 8
    }
  },
  {
    "name": "Poste de travail & Connaissance Client",
    "budget": 45000,
    "consumption": 70000,
    "etat": "red",
    "statistic": {
      "apps": 6,
      "servers": 23,
      "interval": 8
    }
  },
  {
    "name": "Distribution, facturation et paiement",
    "budget": 45000,
    "consumption": 70000,
    "etat": "orange",
    "statistic": {
      "apps": 6,
      "servers": 23,
      "interval": 8
    }
  },
  {
    "name": "Distribution, facturation et paiement",
    "budget": 45000,
    "consumption": 70000,
    "etat": "red",
    "statistic": {
      "apps": 6,
      "servers": 23,
      "interval": 8
    }
  },
  {
    "name": "Distribution, facturation et paiement",
    "budget": 45000,
    "consumption": 70000,
    "etat": "orange",
    "statistic": {
      "apps": 6,
      "servers": 23,
      "interval": 8
    }
  },
  {
    "name": "Dashoard",
    "budget": 45000,
    "consumption": 70000,
    "etat": "green",
    "statistic": {
      "apps": 6,
      "servers": 23,
      "interval": 8
    }
  },
  {
    "name": "Data office",
    "budget": 45000,
    "consumption": 70000,
    "etat": "red",
    "statistic": {
      "apps": 6,
      "servers": 23,
      "interval": 8
    }
  }
]
