[
  {
    "name": "Wafa-salaf",
    "budget": 25500,
    "consumption": 30000,
    "etat": "red",
    "statistic": {
      "apps": 6,
      "servers": 23,
      "interval": 8
    }
  },
  {
    "name": "Wafa Immobilier",
    "budget": 50000,
    "consumption": 60000,
    "etat": "green",
    "statistic": {
      "apps": 6,
      "servers": 23,
      "interval": 8
    }
  },
  {
    "name": "Wafa Assurence",
    "budget": 35000,
    "consumption": 25000,
    "etat": "orange",
    "statistic": {
      "apps": 6,
      "servers": 23,
      "interval": 8
    }
  },
  {
    "name": "Wafacash",
    "budget": 45000,
    "consumption": 70000,
    "etat": "orange",
    "statistic": {
      "apps": 6,
      "servers": 23,
      "interval": 8
    }
  },
  {
    "name": "Wafa IMA",
    "budget": 30000,
    "consumption": 25000,
    "etat": "green",
    "statistic": {
      "apps": 6,
      "servers": 23,
      "interval": 8
    }
  },
  {
    "name": "Wafa Courtage",
    "budget": 20000,
    "consumption": 17500,
    "etat": "red",
    "statistic": {
      "apps": 6,
      "servers": 23,
      "interval": 8
    }
  },
  {
    "name": "Wafa Bourse",
    "budget": 45000,
    "consumption": 70000,
    "etat": "red",
    "statistic": {
      "apps": 6,
      "servers": 23,
      "interval": 8
    }
  },
  {
    "name": "Wafa Qualité",
    "budget": 45000,
    "consumption": 70000,
    "etat": "red",
    "statistic": {
      "apps": 6,
      "servers": 23,
      "interval": 8
    }
  }
]
